,target
0,خوشبختانه
1,دهن
2,تاریخ
3,رو
4,نمیشه
5,بست
6,!
7,از
8,این
9,به
10,بعد
11,بیشتر
12,از
13,تاریخ
14,معاصر
15,ایران
16,خواهید_شنید
17,،
18,چیزی
19,که
20,بعضی
21,از
22,افشای
23,اون
24,وحشت
25,دارند
26,بنی
27,صدر
28,از
29,همه
30,بعلاوه
31,خودم
32,خواهش
33,میکنم
34,یکم
35,کتاب
36,بخونیم
37,،
38,در
39,حال
40,حاضر
41,تاریخ
42,معاصر
43,لپ
44,تابم
45,خراب
46,شد
47,.
48,نه
49,از
50,فیلم
51,خبری
52,هست
53,نه
54,از
55,سریال
56,.
57,تا
58,خود
59,صبح
60,رو
61,با
62,کتاب
63,،
64,موسیقی
65,و
66,ریختن
67,همه
68,اتفاقای
69,بد
70,مملکت
71,از
72,ذهنم
73,میگذرونم
74,.
75,کتاب
76,ی
77,که
78,اطلاعات
79,تازه‌ای
80,بده
81,خوبه
82,اما
83,کتابی
84,که
85,پراز
86,ایده
87,ست
88,خوانی
89,از
90,خوان‌های
91,بهشتی
92,است
93,.
94,درحال
95,مطالعه
96,دو
97,کتاب
98,از
99,نوع
100,دوم
101,هستم
102,.
103,۱:
104,درس
105,هایی
106,از
107,تاریخ
108,نوشته
109,آرینت
110,و
111,ویل
112,دورانت
113,و
114,۲:
115,با
116,چراغ
117,و
118,آیینه
119,(
120,در
121,جست
122,و
123,جوی
124,ریشه‌های
125,تحول
126,در
127,شعر
128,معاصر
129,فارسی
130,)
131,نوشته
132,شفیعی
133,کدکنی
134,تاریخ
135,شعر
136,ادبیات
137,لباس
138,پوشوندن
139,دهقان
140,فداکار
141,رو
142,میشه
143,از
144,دیدگاه
145,طنز
146,دید
147,و
148,به
149,کوته‌فکری
150,برخی
151,خندید
152,.
153,شاید
154,حتی
155,بشه
156,اصلاحش
157,کرد
158,.
159,اما
160,از
161,نگاه
162,دیگه
163,،
164,میشه
165,گفت
166,این‌هایی
167,که
168,از
169,تحریف
170,یه
171,داستان
172,واقعی
173,معاصر
174,به
175,این
176,شکل
177,هیچ
178,ابایی
179,ندارن
180,،
181,فکر
182,میکنید
183,چه
184,بلایی
185,سر
186,تاریخ
187,دور
188,آوردن
189,و
190,خواهند_آورد
191,؟
192,تحریف
193,تاریخ
194,همهٔ
195,هموطنان
196,رو
197,دعوت
198,می‌کنم
199,یک
200,بار
201,دیگر
202,یا
203,برای
204,اولین
205,بار
206,تاریخ
207,معاصر
208,را
209,از
210,زمان
211,قاجار
212,به
213,بعد
214,رو
215,مطالعه
216,کنید
217,قطعا
218,متوجه
219,عوامل
220,جدیدی
221,خواهید_شد
222,که
223,موانع
224,اصلی
225,رسیدن
226,به
227,آزادی
228,این
229,ملت
230,بوده_است
231,.
232,سعی
233,کنیم
234,تکرارشان
235,نکنیم
236,آزادی
237,هیچ
238,آلترناتیوی
239,(
240,جایگزین
241,)
242,ندارد
243,.
244,(
245,جایگزین
246,)
247,ندارد
248,.
249,(
250,جایگزین
251,)
252,ندارد
253,.
254,چالش
255,تاریخ
256,معاصر
257,دو
258,متقلب
259,دو
260,صاحب
261,اندیشهٔ
262,قومی
263,و
264,قبیله‌ای
265,،
266,دو
267,ویران‌گر
268,و
269,نهایتا
270,،
271,دو
272,چهرهٔ
273,منفور
274,تاریخ
275,معاصر
276,کشور
277,.
278,چیزی
279,که
280,هیچ
281,گاه
282,نباید
283,فراموش
284,بشه
285,اینه
286,که
287,امریکا
288,تحت
289,هیچ
290,حالتی
291,،
292,هیچ
293,حالتی
294,قابل
295,اعتماد
296,نیست
297,،
298,تاریخ
299,معاصر
300,را
301,نگاه
302,کنیم
303,نه
304,.
305,.
306,نظر
307,نه
308,.
309,.
310,نظر
311,شما
312,که
313,محترمه
314,اما
315,بنظرم
316,تمام
317,حرکات
318,و
319,تمام
320,حرفهای
321,مسوولان
322,ویترینی
323,از
324,تفکر
325,و
326,سبک
327,زندگی
328,خودشونه
329,.
330,.
331,.
332,.
333,وقتی
334,خودشونه
335,.
336,.
337,.
338,.
339,وقتی
340,خودشونه
341,.
342,.
343,.
344,.
345,وقتی
346,خودشونه
347,.
348,.
349,.
350,.
351,وقتی
352,روی
353,میز
354,کاری
355,مسوول
356,۳نوع
357,میوه
358,هست
359,ولی
360,روی
361,سفرهٔ
362,تعداد
363,زیادی
364,از
365,مردم
366,حتی
367,نون
368,هم
369,نیست
370,!!
371,.
372,.
373,هم
374,نیست
375,!!
376,.
377,.
378,هم
379,نیست
380,!!
381,.
382,.
383,هم
384,نیست
385,!!
386,.
387,.
388,هم
389,غم
390,انگیزه
391,هم
392,نگران
393,کننده
394,:
395,(
396,اصلا
397,رژیم
398,به
399,شکلی
400,که
401,این
402,روزا
403,مرسومه
404,خوب
405,نیست
406,،
407,آدم
408,باید
409,همه
410,چی
411,بخوره
412,،
413,به
414,اندازه
415,بخوره
416,و
417,تحرک
418,کافی
419,داشته
420,باشه
421,و
422,از
423,همه
424,مهم‌تر
425,به
426,سبک
427,زندگی
428,هم
429,خیلی
430,مربوطه
431,و
432,باید
433,بجای
434,نخوردن
435,غذا
436,،
437,سبک
438,زندگی
439,و
440,عادات
441,غلط
442,زندگی
443,رو
444,اصلاح
445,کرد
446,در
447,این
448,مورد
449,اطلاع
450,حاصل
451,از
452,مطالعه
453,ندارم
454,اما
455,به
456,نظرم
457,منطقی
458,میاد
459,که
460,ایدئولوژی
461,جامعه
462,رو
463,میسازه
464,مثل
465,جامعه‌ای
466,که
467,در
468,دوره
469,پیامبر
470,شکل
471,گرفت
472,یا
473,جامعه
474,بسیار
475,ناهمگون
476,امریکا
477,از
478,نظر
479,ملیت
480,،
481,نژاد
482,و…
483,که
484,لیبرالیسم
485,و
486,سبک
487,زندگی
488,آمریکایی
489,اونها
490,رو
491,یک
492,جامعه
493,کرده
494,الان
495,کلا
496,سبک
497,زندگی‌ها
498,تغییر
499,کرده
500,نمیشه
501,با
502,اون
503,زمان
504,تطبیق
505,داد
506,اینطور
507,نبودن
508,قطعا
509,مثل
510,ما
511,ایرانیا
512,نبودن
513,ولی
514,سالی
515,یکبار
516,اینطوری
517,نبودن
518,هر
519,نسل
520,داره
521,بدتر
522,میشه
523,امانیسم
524,و
525,فردگرایی
526,شده
527,روش
528,و
529,فرهنگ
530,و
531,سبک
532,زندگی
533,غربی
534,اینم
535,یه
536,پیامد
537,کوچک
538,ولی
539,واقعا
540,ناراحت
541,کنندشه
542,چرا
543,برخی
544,از
545,آقایون
546,از
547,این
548,اینکه
549,سبک
550,زندگی
551,شخصی
552,رهبر
553,معظم
554,انقلاب
555,رسانه‌ای
556,بشه
557,واهمه
558,دارند
559,؟
560,و
561,خیلی
562,از
563,مسئولین
564,در
565,مورد
566,شناخت
567,مردم
568,نسبت
569,به
570,ابعاد
571,مختلف
572,زندگی
573,ایشون
574,کاری
575,از
576,پیش
577,نمی‌برند
578,!؟
579,زندگی
580,ساده
581,رهبر
582,انقلاب
583,ممد
584,یه
585,سبک
586,زندگی
587,نیست
588,یه
589,فحشه
590,!!
591,فحشه
592,!!
593,این
594,سبک
595,زندگی
596,اشرافی
597,،
598,نتیجه
599,عدم
600,پاسخگویی
601,قضیه
602,اتوبوس
603,دانشگاه
604,آزاده…
605,زندگی
606,ساده
607,رهبر
608,انقلاب
609,به
610,نظرم
611,خیلی
612,جسارت
613,میخواد
614,کل
615,زندگیتو
616,بیاری
617,وسط
618,اینستا
619,و
620,فضای
621,مجازی
622,.
623,.
624,.
625,مجازی
626,.
627,.
628,.
629,مجازی
630,.
631,.
632,.
633,تا
634,حدی
635,که
636,رنگ
637,مسواکتو
638,دو
639,میلیون
640,نفر
641,بدونن
642,.
643,.
644,.
645,بدونن
646,.
647,.
648,.
649,بدونن
650,.
651,.
652,.
653,ازین
654,جهت
655,اجمعین
656,بلاگر‌ها
657,شاخ‌های
658,مجازی
659,برام
660,قابل
661,تحسینن
662,.
663,.
664,.
665,تحسینن
666,.
667,.
668,.
669,تحسینن
670,.
671,.
672,.
673,حالا
674,اینکه
675,این
676,سبک
677,زندگی
678,پسند
679,من
680,نیست
681,و
682,سرمم
683,بزنن
684,حاضر
685,نیستم
686,همچین
687,کاری
688,کنم
689,یک
690,بحث
691,دیگس
692,.
693,.
694,.
695,دیگس
696,.
697,.
698,.
699,دیگس
700,.
701,.
702,.
703,نمی‌فهمم
704,چطور
705,در
706,منشنها
707,ازدواج
708,در
709,سنین
710,پایین
711,رو
712,با
713,دوست
714,پسر
715,داشتن
716,مقایسه
717,می‌کنن
718,؟
719,من
720,۳۰
721,ساله
722,شمای
723,۳۰
724,سال
725,به
726,بالا
727,از
728,نوجوونی
729,تا
730,الان
731,چند
732,نفر
733,رو
734,دوست
735,داشتید
736,که
737,بزرگتر
738,شدید
739,و
740,پشیمون
741,؟
742,چقدر
743,شخصیت
744,در
745,این
746,مدت
747,تغییر
748,می‌کنه
749,؟
750,دیدگاه‌ها
751,خواسته‌ها
752,سبک
753,زندگی
754,؟
755,استاد
756,راهنمایی
757,کنید
758,سبک
759,زندگی
760,ما
761,هم
762,درست
763,بشه
764,مخصوصا
765,زیاد
766,خوابیدن
767,که
768,گرفتاری
769,شده
770,!
771,۲
772,)
773,در
774,نتیجه
775,هیچوقت
776,این
777,سبک
778,زندگی
779,واقعا
780,به
781,یک
782,سبک
783,نرمال
784,تبدیل
785,نمیشه
786,و
787,این
788,استرس
789,کمابیش
790,در
791,جوامع
792,باقی
793,میمونه
794,در
795,بعضی
796,جوامع
797,که
798,استرس
799,روی
800,این
801,نوع
802,زندگی
803,بیشتره
804,طبیعتا
805,پرخاش
806,و
807,اضطراب
808,والدین
809,هومو
810,هم
811,بیشتر
812,میشه
813,باور
814,کن
815,دلم
816,نمیاد
817,این
818,همه
819,جوون
820,ساکن
821,اینستا
822,با
823,فیلتر
824,کردنش
825,دربه
826,در
827,بشن
828,.
829,.
830,.
831,.
832,ولی
833,بشن
834,.
835,.
836,.
837,.
838,ولی
839,بشن
840,.
841,.
842,.
843,.
844,ولی
845,بشن
846,.
847,.
848,.
849,.
850,ولی
851,یه
852,نگاه
853,کن
854,اینستا
855,رو
856,زده
857,سبک
858,زندگی
859,رو
860,آسفالت
861,کرده
862,خو
863,:
864,/
865,«
866,دولت
867,باید
868,با
869,کار
870,فرهنگی
871,و
872,طرح
873,شعارهایی
874,مثل
875,»
876,«
877,سیگار
878,نکش
879,،
880,پسته
881,بخور
882,»
883,«
884,سعی
885,کنه
886,جامعه
887,رو
888,به
889,سمت
890,سبک
891,زندگی
892,سالم
893,ببره
894,»
895,دقیقا
896,همینطوره
897,خیلی
898,تاسف
899,میخورم
900,وقتی
901,میبینم
902,و
903,میشنوم
904,که
905,خیلی
906,از
907,مردم
908,ماهم
909,دارن
910,بسمت
911,این
912,فرهنگ
913,و
914,سبک
915,زندگی
916,مزخرف
917,میرن
918,.
919,.
920,.
921,میرن
922,.
923,.
924,.
925,میرن
926,.
927,.
928,.
929,چون
930,سیاهی
931,و
932,باطنش
933,رو
934,من
935,با
936,چشمای
937,خودم
938,دیدم
939,ولی
940,مردم
941,ندیدن
942,و
943,فقط
944,ظاهر
945,خشگل
946,و
947,فریبندشو
948,میبینن
949,ربطی
950,به
951,کارمندی
952,و
953,کارافرینی
954,نداره
955,.
956,سبک
957,زندگی
958,این
959,دوره
960,جوریه
961,که
962,گذر
963,زمان
964,خوشحالت
965,میکنه
966,.
967,این
968,متأسفانه
969,خیلی
970,جاریه
971,.
972,توی
973,همه
974,موارد
975,هم
976,میشه
977,دید
978,.
979,.
980,.
981,.
982,دید
983,.
984,.
985,.
986,.
987,دید
988,.
989,.
990,.
991,.
992,دید
993,.
994,.
995,.
996,.
997,در
998,واقع
999,بازارهای
1000,و
1001,نوع
1002,تبلیغات
1003,ما
1004,سبک
1005,زندگی
1006,رو
1007,ترویج
1008,می‌کنند
1009,که
1010,حیا
1011,رو
1012,کمرنگ
1013,می‌کنه
1014,.
1015,.
1016,.
1017,می‌کنه
1018,.
1019,.
1020,.
1021,می‌کنه
1022,.
1023,.
1024,.
1025,از
1026,دکوراسیون
1027,منزل
1028,گرفته
1029,تا
1030,لباس
1031,فروشی‌ها
1032,و
1033,لوازم
1034,آرایشی
1035,و
1036,صوتی
1037,و
1038,تصویری‌ها
1039,و
1040,کافی
1041,نت‌ها
1042,و
1043,حتی
1044,لوازم
1045,خانگی
1046,و
1047,لوازم
1048,التحریرها
1049,و
1050,.
1051,.
1052,.
1053,و
1054,.
1055,.
1056,.
1057,و
1058,.
1059,.
1060,.
1061,منکه
1062,این
1063,سبک
1064,زندگی
1065,رو
1066,دوسش
1067,دارم
1068,اما
1069,اهل
1070,خونه
1071,نمیزارن
1072,هدفشون
1073,اینه
1074,سبک
1075,زندگی
1076,اسلامی
1077,رو
1078,بزنن
1079,حالا
1080,ازدواج
1081,هیچی
1082,فرزنداوری
1083,بعدش
1084,عکسایی
1085,که
1086,از
1087,اتاق
1088,دیزاین
1089,کرده
1090,بیمارستان
1091,و
1092,نوزاد
1093,تا
1094,سر
1095,وضع
1096,کارتونی
1097,پدر
1098,مادر
1099,تا
1100,گزارش
1101,تصویری
1102,جشن
1103,دندون
1104,دراوردن
1105,بچه
1106,و
1107,قس
1108,علی
1109,هذا
1110,سبک
1111,زندگی
1112,زیادی
1113,متفاوت
1114,بامادرش
1115,صحبت
1116,میکردم
1117,میگفت
1118,،
1119,هادی
1120,بچم
1121,از
1122,کوچیکی
1123,حواسش
1124,به
1125,همه
1126,بود
1127,.
1128,خیلی
1129,دل
1130,رحم
1131,بود
1132,وبه
1133,همه
1134,کمک
1135,میکرد
1136,،
1137,الان
1138,هم
1139,هروقت
1140,مشکل
1141,پیداکنیم
1142,حواسش
1143,هست
1144,،
1145,میگفت
1146,خیلی
1147,سربه
1148,زیر
1149,ومحجوب
1150,بود
1151,،
1152,وبه
1153,من
1154,وپدرش
1155,خیلی
1156,احترام
1157,میذاشت
1158,.
1159,روحش
1160,شاد
1161,شهید
1162,هادی
1163,ذوالفقاری
1164,سبک
1165,زندگی
1166,شهدا
1167,بخدا
1168,اگه
1169,من
1170,یک
1171,درصد
1172,پررویی
1173,و
1174,اعتماد
1175,به
1176,نفس
1177,شمارو
1178,داشتم
1179,دیگه
1180,مشکلاتم
1181,حل
1182,میشد
1183,تو
1184,زندگی
1185,واقعا
1186,رمز
1187,این
1188,سبک
1189,زندگی
1190,به
1191,تخمم
1192,شما
1193,چیه
1194,؟
1195,فک
1196,کنم
1197,کلا
1198,در
1199,مورد
1200,سبک
1201,زندگی
1202,یاید
1203,فکر
1204,کنی
1205,ظاهرا
1206,هنوز
1207,شهدای
1208,ما
1209,در
1210,حال
1211,مبارزه
1212,با
1213,اونا
1214,هستن
1215,که
1216,نمیتونن
1217,تحملشون
1218,کنن
1219,و
1220,با
1221,ساختن
1222,شایعه
1223,و
1224,دروغ
1225,میخوان
1226,اطراف
1227,قبور
1228,مطهرشون
1229,را
1230,خالی
1231,کنند
1232,.
1233,با
1234,سبک
1235,زندگی
1236,_شهدا
1237,نمیذاریم
1238,تیرشون
1239,به
1240,هدف
1241,بخوره
1242,از
1243,اون
1244,سبک
1245,زندگی
1246,تهوع
1247,آور
1248,کثافت
1249,کاری
1250,لباس
1251,زیر
1252,همو
1253,پوشیدن
1254,بعید
1255,نیست
1256,به
1257,نظرم
1258,هر
1259,کی
1260,هر
1261,سبک
1262,زندگی
1263,که
1264,دوست
1265,داره
1266,میتونه
1267,داشته
1268,باشه
1269,عمیقا
1270,مایلم
1271,درکی
1272,از
1273,تمام
1274,انتخاب‌ها
1275,و
1276,رفتارهای
1277,آدمها
1278,داشته_باشم
1279,بدون
1280,قضاوت
1281,کردنشون
1282,اما
1283,عمیقا
1284,اعتقاد
1285,دارم
1286,بسیاری
1287,چیزها
1288,به
1289,اشتباه
1290,سبک
1291,زندگی
1292,خونده
1293,می‌شه
1294,و
1295,پایه‌اش
1296,یک
1297,ناهنجاریه
1298,زیستی
1299,،
1300,یا
1301,یادگیریه
1302,و
1303,باید
1304,به
1305,آدمها
1306,کمک
1307,کرد
1308,.
1309,tus
1310,/
1311,۱۰۷۸۸۸۱۷۲۷۷۸۵۸۲۰۱۶۰
1312,…
1313,خیلی
1314,قائل
1315,به
1316,این
1317,که
1318,کدومش
1319,درسته
1320,نیستم
1321,دساسا
1322,سبک
1323,زندگی
1324,یه
1325,تجربه
1326,شخصی
1327,هست
1328,مهم
1329,اینه
1330,که
1331,تو
1332,لحظه
1333,خوشحال
1334,باشی
1335,و
1336,از
1337,تک
1338,تک
1339,لحظات
1340,زندگیت
1341,لذت
1342,کامل
1343,رو
1344,ببری
1345,یه
1346,وقتایی
1347,تنهایی
1348,این
1349,لذت
1350,رو
1351,بهت
1352,میده
1353,یه
1354,وقتایی
1355,هم
1356,تنوع
1357,و
1358,یه
1359,وقتایی
1360,هم
1361,آرامش
1362,فقط
1363,در
1364,حضور
1365,یه
1366,نفر
1367,خلاصه
1368,میشه
1369,جواب
1370,مطلقی
1371,وجود
1372,نداره
1373,«
1374,بر
1375,ضد
1376,کینه
1377,توزی
1378,و
1379,نفرت
1380,ایدئولوژیک
1381,-که
1382,ایران
1383,و
1384,جهان
1385,اسلام
1386,را
1387,به
1388,ذلت
1389,کشانده-
1390,موضع
1391,گرفته‌ام
1392,،
1393,ماله‌کش
1394,غرب
1395,نشین
1396,میگوید
1397,»
1398,«
1399,به
1400,نفع
1401,اسرائیل
1402,»
1403,«
1404,موضع
1405,گرفته‌ای
1406,!
1407,نفرت
1408,انگیزتر
1409,اینکه
1410,این
1411,جماعت
1412,توجیه‌گر
1413,نابخردی
1414,،
1415,حتی
1416,میخواهند
1417,میرحسین
1418,را
1419,هم
1420,هم‌نظر
1421,خودشان
1422,جلوه
1423,بدهند
1424,.
1425,دروغی
1426,از
1427,این
1428,بالاتر
1429,نیست
1430,.
1431,i
1432,/status
1433,/
1434,۱۰۷۸۴۳۱۶۸۸۷۹۳۸۱۲۹۹۲
1435,i
1436,/status
1437,/
1438,۱۰۷۸۴۳۱۶۸۸۷۹۳۸۱۲۹۹۲
1439,…
1440,»
1441,آخوند
1442,فاسد
1443,و
1444,درباری
1445,سعودی
1446,فتوا
1447,داده
1448,شیعه
1449,هاکافر
1450,هستن
1451,.
1452,ولی
1453,محمد
1454,بن
1455,سلمان
1456,که
1457,آدم‌ها
1458,مثل
1459,یک
1460,سگ
1461,وحشی
1462,تیکه
1463,تیکه
1464,می‌کنه
1465,مسلمان
1466,است
1467,!
1468,سعودی‌ها
1469,دست‌های
1470,خبیث
1471,استکبار
1472,در
1473,جهان
1474,اسلام
1475,هستن
1476,.
1477,status
1478,/
1479,۱۰۷۸۳۷۷۲۸۹۵۶۰۲۶۴۷۰۶
1480,…
1481,شاید
1482,یکی
1483,از
1484,علل
1485,پابرجا
1486,ماندن
1487,انقلاب
1488,اسلامی
1489,و
1490,گسترش
1491,ان
1492,در
1493,جهان
1494,اسلام
1495,سخن
1496,امام
1497,ره
1498,بود
1499,که
1500,گفت
1501,:
1502,اینطور
1503,نشه
1504,که
1505,بشه
1506,اونطوری
1507,که
1508,زمان
1509,اون
1510,پدر
1511,و
1512,پسر
1513,شده
1514,بشه
1515,افتخار
1516,یعنی
1517,اجازه
1518,بدی
1519,سرمایه
1520,گذار
1521,خارجی
1522,پوز
1523,تولیدی‌ها
1524,و
1525,شرکت‌های
1526,داخلی
1527,رو
1528,به
1529,خاک
1530,بماله
1531,به
1532,اون
1533,دسته
1534,از
1535,دستفروش
1536,هایی
1537,که
1538,تولیدات
1539,و
1540,دستکار‌های
1541,خودشون
1542,رو
1543,کنار
1544,خیابون
1545,میفروشن
1546,عنایت
1547,بیشتر
1548,کنید
1549,.
1550,کمک
1551,میشه
1552,به
1553,تولیدی
1554,هر
1555,چند
1556,کوچکش
1557,کار
1558,دو
1559,تا
1560,حالته
1561,:
1562,یا
1563,کار
1564,تولیدى
1565,هست
1566,که
1567,نتیجه
1568,یه
1569,محصول
1570,هست
1571,مثل
1572,کشاورزى
1573,و
1574,یا
1575,تولیدى
1576,یا
1577,کار
1578,خدماتى
1579,هست
1580,که
1581,نتیجه
1582,انجام
1583,یه
1584,کاره
1585,مثل
1586,مسافربرى
1587,به
1588,این
1589,صداوسیما
1590,بگین
1591,اول
1592,این
1593,خبرهای
1594,تولیدی
1595,رو
1596,با
1597,هم
1598,هماهنگ
1599,کنن
1600,بعد
1601,علنی
1602,کنن
1603,هی
1604,سوتی
1605,ندن
1606,مرسی
1607,اه
1608,پلاسکو
1609,یه
1610,روایت
1611,نابی
1612,بود
1613,از
1614,دوران
1615,طلوع
1616,کارخانه
1617,نساجی
1618,ایران
1619,زمانی
1620,که
1621,تولیدی‌های
1622,پوشاک
1623,اونقدر
1624,رونق
1625,داشتن
1626,که
1627,پیرنگ
1628,این
1629,داستان
1630,قوت
1631,بگیره
1632,.
1633,.
1634,.
1635,بگیره
1636,.
1637,.
1638,.
1639,بگیره
1640,.
1641,.
1642,.
1643,از
1644,تولیدی
1645,و
1646,کارگاه‌های
1647,کوچک
1648,حمایت
1649,کنیم
1650,.
1651,اینا
1652,توان
1653,کارآفرینی
1654,بالایی
1655,دارن
1656,و
1657,می‌تونن
1658,با
1659,هزینه‌های
1660,مناسب
1661,کار
1662,کنن
1663,و
1664,نیروی
1665,کار
1666,استخدام
1667,کنن
1668,.
1669,s
1670,/
1671,۸۸۹۴۰۳۶۵۱۸۲۷۱۳۸۵۶۰
1672,…
1673,باهمین
1674,۲۰۰
1675,میلیونی
1676,که
1677,دختر
1678,مظلوم
1679,وزیر
1680,،
1681,لباس
1682,واردکرده
1683,میتونست
1684,تولیدی
1685,همون
1686,لباس
1687,رو
1688,بزنه
1689,توکشور
1690,ولی
1691,چه
1692,کنیم
1693,که
1694,تفکر
1695,فاسد
1696,و
1697,منافع
1698,شخصی
1699,حاکمه
1700,ازجمله
1701,درمحیطای
1702,آموزشی
1703,اداری
1704,تولیدی
1705,،
1706,درگزینش
1707,کارمندان
1708,یااخراج
1709,آنها
1710,،
1711,درکنترل
1712,دائمی
1713,رفت‌وآمد
1714,زنان
1715,جوانان
1716,درخیابان
1717,،
1718,ورودخودسرانه
1719,بخانه
1720,مردم
1721,مورد
1722,داریم
1723,مقیم
1724,کانادا
1725,هست
1726,اینجا
1727,براش
1728,بیمه
1729,رد
1730,میشه
1731,و
1732,سابقه
1733,کار
1734,حساب
1735,میشه
1736,بعد
1737,تو
1738,برخی
1739,واحد‌های
1740,تولیدی
1741,هنوز
1742,کارگرا
1743,بیمه
1744,نیستند
1745,هم
1746,وطن
1747,عزیزی
1748,که
1749,تولیدی
1750,پوشاک
1751,داری
1752,بعد
1753,مارک
1754,ترک
1755,میزنی
1756,روش
1757,،
1758,حداقل
1759,طوری
1760,بزن
1761,که
1762,موقع
1763,کندنش
1764,لباسه
1765,پاره
1766,نشه
1767,ما
1768,همینجوری
1769,وطنیتو
1770,قبول
1771,داریم
1772,اینهمه
1773,هیاهو
1774,در
1775,مورد
1776,کارخونه
1777,چسب
1778,هل
1779,برام
1780,بی
1781,معنیه
1782,!
1783,تنها
1784,نتیجه
1785,این
1786,حاشیه‌ها
1787,تعطیلی
1788,یه
1789,کارخونه
1790,تولیدی
1791,که
1792,اشتغال
1793,ایجاد
1794,کرده
1795,خواهد_بود
1796,.
1797,خود
1798,مایکل
1799,فلیپس
1800,میره
1801,از
1802,منیریه
1803,مایوی
1804,۱۰
1805,هزار
1806,تومنی
1807,تولیدی
1808,حسن
1809,و
1810,شرکا
1811,میخره
1812,اونوقت
1813,ملت
1814,…
1815,ما
1816,داریم
1817,هزینه
1818,میدیم
1819,بابت
1820,لجاجت
1821,و
1822,یک
1823,دندگی
1824,یه
1825,عده
1826,؛
1827,مشکل
1828,اینجاست
1829,که
1830,این
1831,هزینه
1832,فقط
1833,از
1834,جیب
1835,قشر
1836,ضعیف
1837,و
1838,کم
1839,درآمد
1840,میره
1841,.
1842,تو
1843,که
1844,عرضه
1845,نگهداشتن
1846,ارزش
1847,پولتو
1848,در
1849,برابر
1850,دلار
1851,نداری
1852,به
1853,چی
1854,خودت
1855,دلخوشی
1856,.
1857,افتخارت
1858,فقط
1859,شده
1860,دشمنی
1861,با
1862,آمریکا
1863,،
1864,یه
1865,کم
1866,هم
1867,از
1868,افتخارات
1869,اقتصادی
1870,،
1871,تولیدی
1872,،
1873,صنعتی
1874,بگو
1875,.
1876,اقتصاد
1877,دولتی
1878,بخاطر
1879,عدم
1880,بهره
1881,وری
1882,باعث
1883,ضرر
1884,و
1885,زیان
1886,و
1887,عقب
1888,ماندگی
1889,اقتصادی
1890,میشه
1891,اجازه
1892,بدیم
1893,تولیدی‌های
1894,خصوصی
1895,پا
1896,بگیرن
1897,و
1898,پیشرفت
1899,کنن
1900,هزار
1901,بار
1902,گفتم
1903,مواد
1904,صنعتی
1905,و
1906,سنتی
1907,رو
1908,باهم
1909,نزنید
1910,!
1911,بیا
1912,اینم
1913,نتیجش
1914,!!
1915,نتیجش
1916,!!
1917,حسام
1918,الدین
1919,آشنا
1920,شهرداری
1921,خونه‌ها
1922,رو
1923,رنگ
1924,زده
1925,که
1926,خوشگل
1927,شن
1928,؛
1929,زاهدان
1930,شیرآباد
1931,سنتی
1932,صنعتی
1933,سفرنامه
1934,اینایی
1935,که
1936,از
1937,رضا
1938,قلدر
1939,بت
1940,ساختن
1941,الان
1942,میگن
1943,نظامی
1944,نمیتونه
1945,شهردار
1946,وشهرساز
1947,باشه
1948,!
1949,عمو#فازت
1950,چیه
1951,؟
1952,باز
1953,صنعتی
1954,و#سنتی
1955,رو
1956,باهم
1957,زدی
1958,؟
1959,پلاسکو
1960,دکتر
1961,جان
1962,شما
1963,روش‌های
1964,جدید
1965,مهندسی
1966,پزشکی
1967,مثل
1968,یادگیری
1969,ماشین
1970,رو
1971,بررسی
1972,کن
1973,اونوقت
1974,دستت
1975,میاد
1976,که
1977,دنیای
1978,علم
1979,تشنه
1980,جمع
1981,آوری
1982,همین
1983,تجربیات
1984,شخصیه
1985,/status
1986,/
1987,۹۲۴۲۰۳۸۹۸۶۷۱۴۵۶۲۵۶
1988,/status
1989,/
1990,۹۲۴۲۰۳۸۹۸۶۷۱۴۵۶۲۵۶
1991,…
1992,حالا
1993,بازم
1994,میگم
1995,،
1996,درسته
1997,حالت‌های
1998,خیلی
1999,خیلی
2000,خیلی
2001,زیاده
2002,ولی
2003,نهایت
2004,و
2005,پایان
2006,داره
2007,.
2008,مطمئنا
2009,میشه
2010,با
2011,استفاده
2012,از
2013,یادگیری
2014,ماشین
2015,و
2016,حذف
2017,تصاویر
2018,بی
2019,معنی
2020,نتایج
2021,شگفت
2022,انگیزی
2023,گرفت
2024,.
2025,برای
2026,این
2027,یه
2028,برنامه
2029,کوچیک
2030,با
2031,پایتون
2032,نوشتم
2033,۲
2034,سال
2035,پیش
2036,ولی
2037,به
2038,دلیل
2039,کمبود
2040,وقت
2041,همونطور
2042,موند
2043,:
2044,(
2045,ep
2046,…
2047,در
2048,تلاشم
2049,دوره‌های
2050,استنفورد
2051,برای
2052,یادگیری
2053,ماشین
2054,رو
2055,با
2056,اینترنت
2057,مخابرات
2058,ببینم
2059,،
2060,فکر
2061,کنم
2062,بتونم
2063,بعد
2064,از
2065,تموم
2066,شدنش
2067,به
2068,نوه‌ام
2069,یه
2070,خلاصه
2071,بگم
2072,یه
2073,برنامه
2074,نویس
2075,اپی
2076,به
2077,اسم
2078,nude
2079,برای
2080,ios
2081,نوشته
2082,که
2083,با
2084,استفاده
2085,از
2086,الگوریتمهای
2087,یادگیری
2088,ماشین
2089,در
2090,CoreML
2091,عکسای
2092,لخت
2093,موجود
2094,در
2095,گالریتون
2096,رو
2097,شناسایی
2098,و
2099,اونهارو
2100,به
2101,این
2102,اپ
2103,منتقل
2104,میکنه
2105,و
2106,روشون
2107,رمز
2108,میزاره
2109,.
2110,۱۴۸۲۲
2111,/nude-app-photo-vault-sexting
2112,…
2113,کاربرد‌های
2114,هوش
2115,مصنوعی
2116,چه
2117,خطرهایی
2118,میتونه
2119,داشته
2120,باشه
2121,؟
2122,یادگیری
2123,ماشین
2124,AI
2125,tus
2126,/
2127,۹۲۰۰۲۹۱۶۳۲۱۷۶۵۳۷۶۰
2128,…
2129,هوش
2130,مصنوعی
2131,چه
2132,کارهایی
2133,می‌تونه
2134,انجام
2135,بده
2136,؟
2137,یادگیری
2138,ماشین
2139,AI
2140,دانشجویی
2141,که
2142,یادگیری
2143,ماشین
2144,رو
2145,صفر
2146,شده
2147,چی
2148,؟
2149,:
2150,)
2151,)
2152,چطور
2153,به
2154,یک
2155,مغز
2156,مصنوعی
2157,آموزش
2158,بدیم
2159,تا
2160,درست
2161,و
2162,غلط
2163,رو
2164,تشخیص
2165,بده
2166,؟
2167,هوش
2168,مصنوعی
2169,یادگیری
2170,ماشین
2171,g
2172,/status
2173,/
2174,۹۱۹۱۲۳۱۱۱۳۱۶۰۲۱۲۴۸
2175,g
2176,/status
2177,/
2178,۹۱۹۱۲۳۱۱۱۳۱۶۰۲۱۲۴۸
2179,…
2180,۱۰۰
2181,استارتاپ
2182,ی
2183,که
2184,از
2185,هوش
2186,مصنوعی
2187,استفاده
2188,می‌کنن
2189,یادگیری
2190,ماشین
2191,tatus
2192,/
2193,۹۱۸۸۴۲۶۲۹۲۳۵۸۴۷۱۶۹
2194,…
2195,کاش
2196,یه
2197,پروژه
2198,داده
2199,کاوی
2200,،
2201,یادگیری
2202,ماشین
2203,یا
2204,شبکه
2205,عصبی
2206,که
2207,درست
2208,و
2209,حسابی
2210,باشه
2211,یه
2212,جا
2213,بود
2214,انجام
2215,میدادم
2216,.
2217,همش
2218,دیتاست‌های
2219,آموزشی
2220,.
2221,.
2222,.
2223,آموزشی
2224,.
2225,.
2226,.
2227,آموزشی
2228,.
2229,.
2230,.
2231,یه
2232,کانال
2233,تخصصی
2234,یادگیری
2235,ماشین
2236,فرستادن
2237,،
2238,رفتم
2239,چک
2240,کنم
2241,پست
2242,آخرش
2243,«
2244,صحنه
2245,فوت
2246,مردبزرگ
2247,استیو
2248,جابز
2249,»
2250,بود
2251,!
2252,خاک
2253,تو
2254,سرتون
2255,گوگل
2256,پیکسل
2257,۲
2258,از
2259,تصاویر
2260,HDR
2261,و
2262,OIS
2263,پشتیبانی
2264,می‌کنه
2265,و
2266,دارای
2267,حالت
2268,پرتره
2269,است
2270,.
2271,یادگیری
2272,ماشین
2273,هم
2274,در
2275,سیستم
2276,دوربین
2277,این
2278,گوشی‌ها
2279,استفاده
2280,شده
2281,گوگل
2282,کلا
2283,پیشرفت
2284,یادگیری
2285,ماشین
2286,خیلی
2287,زیاد
2288,بوده
2289,.
2290,این
2291,عملا
2292,جلوه‌های
2293,هوش
2294,مصنوعی
2295,هست
2296,که
2297,کاربردهای
2298,زیادی
2299,داره
2300,و
2301,لزوما
2302,جاسوسی
2303,نیست
2304,.
2305,بپرس
2306,از
2307,یادگیری
2308,ماشین
2309,هم
2310,استفاده
2311,میکنن
2312,؟
2313,۱۰۴۰
2314,نفر
2315,کلاس
2316,یادگیری
2317,ماشین
2318,اندرو
2319,ان‌جی
2320,رو
2321,توی
2322,استنفورد
2323,گرفتن
2324,!
2325,بعد
2326,این‌جا
2327,پالهنگ
2328,هوش
2329,ارائه
2330,داد
2331,،
2332,هیچ‌کس
2333,نگرفت
2334,و
2335,اون
2336,ترم
2337,کلاس
2338,هوشی
2339,تشکیل
2340,نشد
2341,us
2342,/
2343,۹۱۲۳۸۲۱۵۴۱۵۵۳۵۲۰۶۴
2344,…
2345,آمازون
2346,کلاد
2347,یک
2348,کتابخونه
2349,محبوب
2350,یادگیری
2351,ماشین
2352,رو
2353,حذف
2354,کرده
2355,و
2356,بجاش
2357,یکی
2358,از
2359,محصولات
2360,خودش
2361,رو
2362,پیشنهاد
2363,می‌ده
2364,!
2365,s
2366,/
2367,۹۰۹۹۰۹۲۷۸۴۲۰۳۸۱۶۹۶
2368,…
2369,فرآیند
2370,یادگیری
2371,ماشین
2372,مثل
2373,بچه
2374,بزرگ
2375,کردنه
2376,.
2377,اینکه
2378,چی
2379,یاد
2380,می‌گیره
2381,به
2382,ورودی‌ها
2383,بستگی
2384,داره
2385,.
2386,به
2387,زودی
2388,میگیم
2389,جلو
2390,ماشین
2391,این
2392,حرف
2393,رو
2394,نزن
2395,یاد
2396,می‌گیره
2397,!
2398,چشم
2399,شما
2400,بی
2401,بلا
2402,.
2403,من
2404,یادگیری
2405,ماشین
2406,و
2407,هوش
2408,مصنوعی
2409,آموزشاشو
2410,دنبال
2411,میکنم
2412,.
2413,ولی
2414,سعی
2415,میکنم
2416,مهارتای
2417,یه
2418,فول
2419,استک
2420,رو
2421,داشته_باشم
2422,.
2423,ریش
2424,میذاری
2425,عادت
2426,میکنه
2427,،
2428,آرایش
2429,میکنی
2430,عادت
2431,میکنه
2432,،
2433,رنگ
2434,و
2435,مدل
2436,مو
2437,عوض
2438,میکنی
2439,عادت
2440,میکنه
2441,،
2442,یادگیری
2443,ماشین
2444,و
2445,شبکه
2446,عصبی
2447,.
2448,.
2449,.
2450,عصبی
2451,.
2452,.
2453,.
2454,عصبی
2455,.
2456,.
2457,.
2458,واقعا
2459,آینده
2460,هس
2461,!
2462,روی
2463,یادگیری
2464,ماشین
2465,هم
2466,متمرکز
2467,بودن
2468,.
2469,واقعا
2470,آدم
2471,عجیبی
2472,بود
2473,.
2474,پایتون
2475,اینجا
2476,،
2477,پایتون
2478,اونجا
2479,،
2480,پایتون
2481,همه
2482,جا
2483,!
2484,برنامه
2485,نویسی
2486,هوش
2487,مصنوعی
2488,رو
2489,کامل
2490,دستش
2491,گرفته
2492,،
2493,بینایی
2494,ماشین
2495,،
2496,یادگیری
2497,ماشین
2498,و
2499,یادگیری
2500,ژرف
2501,و
2502,.
2503,.
2504,.
2505,و
2506,.
2507,.
2508,.
2509,و
2510,.
2511,.
2512,.
2513,عزیزی
2514,اگر
2515,تمایل
2516,به
2517,گرفتن
2518,مستر
2519,در
2520,یادگیری‌ماشین
2521,داره
2522,در
2523,دانشگاه
2524,ویکتوریا
2525,کانادا
2526,،
2527,لطفا
2528,یه
2529,پیغامی
2530,بده
2531,به
2532,من
2533,.
2534,برای
2535,همین
2536,ژانویه
2537,دنبال
2538,میگردیم
2539,.
2540,خیلی
2541,از
2542,مردم
2543,یادگیری
2544,ماشین
2545,رو
2546,با
2547,هوش
2548,مصنوعی
2549,اشتباه
2550,میکنن
2551,.
2552,درصورتیکه
2553,یادگیری
2554,ماشین
2555,بعنوان
2556,زیر
2557,مجموعه
2558,ایی
2559,از
2560,هوش
2561,مصنوعی
2562,محسوب
2563,میشه
2564,.
2565,یادگیری
2566,ماشین
2567,عبارت
2568,ست
2569,از
2570,نرم
2571,افزاری
2572,که
2573,از
2574,تحلیل
2575,نمونه‌ها
2576,می‌آموزد
2577,.
2578,برای
2579,مثال
2580,بجای
2581,تعریف
2582,گربه
2583,،
2584,شما
2585,بهش
2586,عکس
2587,میلیونها
2588,گربه
2589,رو
2590,نشون
2591,میدید
2592,.
2593,یکی
2594,نبود
2595,بهم
2596,بگه
2597,تو
2598,که
2599,اندازه‌ی
2600,نخود
2601,از
2602,بینایی
2603,ماشین
2604,و
2605,یادگیری
2606,ماشین
2607,و…
2608,سردرنمیاری
2609,،
2610,نونت
2611,نبود
2612,؟
2613,آبت
2614,نبود
2615,؟
2616,این
2617,پروژه
2618,رو
2619,گرفتنت
2620,چی
2621,بود
2622,؟
2623,اغلب
2624,وقتی
2625,به
2626,نرم‌افزاری
2627,کلمه
2628,«
2629,هوشمند
2630,»
2631,رو
2632,اضافه
2633,می‌کنیم
2634,منظورمون
2635,اینه
2636,که
2637,if
2638,بیشتری
2639,توی
2640,کدش
2641,نوشتیم
2642,نه
2643,اینکه
2644,مثلا
2645,یادگیری
2646,ماشین
2647,داره
2648,!
2649,۱.
2650,خدماتی
2651,که
2652,به
2653,کسب‌وکار‌های
2654,انترپرایز
2655,ارائه
2656,می‌کنیم
2657,از
2658,ترکیب
2659,اختصاصی
2660,چندین
2661,سرویس
2662,پردازش
2663,بلادرنگ
2664,و
2665,یادگیری‌ماشین
2666,تشکیل
2667,می‌شه
2668,.
2669,سیستم
2670,عامل
2671,ATM‌ها
2672,ویندوز
2673,XP
2674,هستن
2675,ویندوز
2676,XP
2677,رو
2678,خود
2679,ماکروسافت
2680,هم
2681,ساپورت
2682,نمیکنه
2683,دیگه
2684,اندرویدا
2685,شارژراشون
2686,با
2687,iosها
2688,فرق
2689,داره
2690,ولی
2691,تا
2692,قبل
2693,usb
2694,c
2695,همه
2696,به
2697,هم
2698,میخورد
2699,و
2700,فرق
2701,نداشت
2702,سامسونگ
2703,و
2704,ال
2705,جی
2706,بودنش
2707,مثلا
2708,:
2709,)
2710,)
2711,)
2712,برا
2713,همین
2714,سیستم
2715,عامل
2716,میتونه
2717,فیلتر
2718,نوع
2719,شارژر
2720,باشه
2721,سیستم
2722,عامل
2723,متن‌باز
2724,PfSense
2725,توی
2726,آخرین
2727,آپدیتش
2728,DNS
2729,over
2730,TLS
2731,رو
2732,اضافه
2733,کرده
2734,.
2735,دستشون
2736,درد
2737,نکنه
2738,عجب
2739,آپدیت
2740,پر
2741,و
2742,پیمونی
2743,دادن
2744,خیلی
2745,از
2746,مشکلاتی
2747,که
2748,من
2749,دیده_بودم
2750,رو
2751,حل
2752,کردند
2753,.
2754,باگ‌های
2755,امنیتی
2756,بزرگی
2757,رو
2758,هم
2759,رفع
2760,کردند
2761,.
2762,حتما
2763,آپدیت
2764,کنید
2765,:
2766,)
2767,با
2768,توجه
2769,به
2770,اینکه
2771,home
2772,جداست
2773,نصب
2774,سیستم
2775,عامل
2776,جدید
2777,نباید
2778,زیاد
2779,اذیت
2780,کنه
2781,.
2782,سعی
2783,کن
2784,پارتیشن
2785,home
2786,رو
2787,جدا
2788,کنی
2789,که
2790,هر
2791,سری
2792,خواستی
2793,سیستم
2794,عامل
2795,عوض
2796,کنی
2797,اذیت
2798,نشی
2799,.
2800,این
2801,مشکلی
2802,که
2803,داری
2804,حتی
2805,ممکنه
2806,سخت‌افزاری
2807,باشه
2808,.
2809,ترجیحا
2810,یه
2811,بک
2812,آپ
2813,بگیر
2814,.
2815,من
2816,دست
2817,پایین
2818,گفتم
2819,رم
2820,۱۶.
2821,بیشتر
2822,دوستان
2823,روی
2824,۲۴
2825,یا
2826,۳۲
2827,هستن
2828,.
2829,الان
2830,فقط
2831,گوگل
2832,کروم
2833,من
2834,نزدیک
2835,۲
2836,گیگ
2837,رم
2838,گرفته
2839,!
2840,خود
2841,سیستم
2842,عامل
2843,،
2844,مرورگر
2845,،
2846,موسیقی
2847,،
2848,فتو
2849,ادیتور
2850,،
2851,ide
2852,،
2853,وب
2854,سرور
2855,،
2856,دیتابیس
2857,سرور
2858,،
2859,مجازی
2860,ساز
2861,،
2862,پروسه
2863,کامپایل
2864,(
2865,که
2866,خودش
2867,هنگام
2868,کامپایل
2869,رم
2870,میخوره
2871,زیاد
2872,)
2873,،
2874,…
2875,زیاد
2876,)
2877,،
2878,…
2879,زیاد
2880,)
2881,،
2882,.
2883,.
2884,.
2885,زیاد
2886,)
2887,،
2888,.
2889,.
2890,.
2891,زیاد
2892,)
2893,،
2894,.
2895,.
2896,.
2897,اینا
2898,چیزایی
2899,هست
2900,که
2901,نرماله
2902,برای
2903,من
2904,.
2905,.
2906,.
2907,من
2908,.
2909,.
2910,.
2911,من
2912,.
2913,.
2914,.
2915,سیستم
2916,عامل
2917,ios
2918,اینو
2919,داره
2920,فقط
2921,،
2922,آیفون
2923,داری
2924,؟
2925,حالا
2926,من
2927,هی
2928,می‌گم
2929,سیستم
2930,عامل
2931,سر
2932,در
2933,نمیارم
2934,،
2935,این
2936,هی
2937,می‌پرسه
2938,.
2939,بابت
2940,همین
2941,نرم
2942,افزار‌های
2943,مزخرف
2944,به
2945,هرکدوم
2946,زیر
2947,ساخت
2948,مجانی
2949,و
2950,پنج
2951,میلیارد
2952,تومن
2953,کمک
2954,کردن
2955,بدرد
2956,جرز
2957,لای
2958,دیوار
2959,هم
2960,نمیخوری
2961,،
2962,رییس
2963,جمهوری
2964,که
2965,زیر
2966,حرفش
2967,مسزنه
2968,و
2969,نمیتونه
2970,جل
2971,.
2972,ی
2973,فیلتر
2974,نرم
2975,افزار
2976,رو
2977,بگیره
2978,چجوری
2979,میخواد
2980,جلوی
2981,فساد
2982,و
2983,مشکلات
2984,اقتصادی
2985,و
2986,بگسره
2987,،
2988,منم
2989,پشیمونم
2990,از
2991,رایی
2992,که
2993,به
2994,تو
2995,دادم
2996,حسن
2997,،
2998,از
2999,طلا
3000,بودن
3001,پشیمان
3002,گشته
3003,مرحمت
3004,فرمایید
3005,مارا
3006,مس
3007,کنید
3008,رئیس
3009,جمهوری
3010,که
3011,نمیتونه
3012,جلوی
3013,فیلتر
3014,شدن
3015,یه
3016,نرم
3017,افزار
3018,رو
3019,بگیره
3020,چه
3021,جوری
3022,میخواد
3023,جلوی
3024,بالارفتن
3025,سکه
3026,و
3027,دلارو
3028,بگیره
3029,؟
3030,حالا
3031,خلاصه
3032,آمار
3033,بیزی
3034,(
3035,Bayesian
3036,)
3037,بر
3038,مبنای
3039,همین
3040,قانون
3041,احتمالات
3042,میتونه
3043,تحلیل
3044,علت
3045,و
3046,معلولی
3047,انجام
3048,بده
3049,و
3050,هوش
3051,مصنوعی
3052,رو
3053,نسبت
3054,به
3055,عدم
3056,قطعیت‌های
3057,خودش
3058,مطلع
3059,کنه
3060,.
3061,علاقمندان
3062,رجوع
3063,کنن
3064,به
3065,این
3066,۸.
3067,html
3068,…
3069,اخبار
3070,جالبی
3071,خوندم
3072,در
3073,مورد
3074,سلاح‌های
3075,اتوماتیکی
3076,که
3077,از
3078,هوش
3079,مصنوعی
3080,بهره
3081,میبرن
3082,که
3083,میتونن
3084,هدف
3085,رو
3086,تشخیص
3087,بدن
3088,و
3089,تصمیم
3090,بگیرن
3091,زخمی
3092,کنن
3093,یا
3094,بکشن
3095,،
3096,البته
3097,هنوز
3098,قانونی
3099,نشدن
3100,اما
3101,تکنولوژیشون
3102,موجوده
3103,.
3104,اخبار
3105,مشاور
3106,امنیت
3107,ملی
3108,آمریکا
3109,گفت
3110,:
3111,سیاست
3112,جدید
3113,آمریکا
3114,شامل
3115,تغییر
3116,رژیم
3117,در
3118,سوریه
3119,می‌شود
3120,/
3121,۸۵۱۵۰۰۶۷۷۸۸۹۰۴۸۵۷۷
3122,…
3123,نوستالژی
3124,بعضی‌ها
3125,هم
3126,بودن
3127,که
3128,میگفتن
3129,ما
3130,همیشه
3131,در
3132,سیاست
3133,_خارجی
3134,خود
3135,به
3136,آمریکا
3137,بعنوان
3138,یک
3139,دشمن
3140,نگاه
3141,میکنیم
3142,.
3143,موسوی
3144,خوئینی‌ها
3145,چه
3146,فرقی
3147,می‌کنه
3148,برای
3149,ما
3150,سیاست
3151,جدید
3152,یا
3153,قدیم
3154,آمریکا
3155,ما
3156,با
3157,یک
3158,دولت
3159,وحشی
3160,با
3161,اختیارات
3162,فراوان
3163,بدون
3164,مسیولیت
3165,رو
3166,به
3167,رو
3168,هستیم
3169,s
3170,/status
3171,/
3172,۸۵۰۱۶۸۱۶۸۵۰۵۱۰۶۴۳۲
3173,s
3174,/status
3175,/
3176,۸۵۰۱۶۸۱۶۸۵۰۵۱۰۶۴۳۲
3177,…
3178,اولا
3179,هیچوقت
3180,امریکا
3181,و
3182,غرب
3183,سیاست
3184,سلطه
3185,خودشونوکنارنخواهندگذاشت
3186,.
3187,دوما
3188,ایران
3189,زیر
3190,سایه
3191,حمایت
3192,روسیه
3193,و
3194,چین
3195,قدرت
3196,منطقه
3197,شده
3198,.
3199,سوما
3200,سوریه
